-- phpMyAdmin SQL Dump
-- version 4.9.2
-- https://www.phpmyadmin.net/
--
-- Host: 127.0.0.1
-- Generation Time: Jan 09, 2020 at 05:37 PM
-- Server version: 10.4.10-MariaDB
-- PHP Version: 7.1.33

SET SQL_MODE = "NO_AUTO_VALUE_ON_ZERO";
SET AUTOCOMMIT = 0;
START TRANSACTION;
SET time_zone = "+00:00";


/*!40101 SET @OLD_CHARACTER_SET_CLIENT=@@CHARACTER_SET_CLIENT */;
/*!40101 SET @OLD_CHARACTER_SET_RESULTS=@@CHARACTER_SET_RESULTS */;
/*!40101 SET @OLD_COLLATION_CONNECTION=@@COLLATION_CONNECTION */;
/*!40101 SET NAMES utf8mb4 */;

--
-- Database: `kharoof`
--

-- --------------------------------------------------------

--
-- Table structure for table `carts`
--

CREATE TABLE `carts` (
  `cart_id` bigint(255) NOT NULL,
  `customer_id` bigint(255) NOT NULL,
  `item_id` bigint(255) NOT NULL,
  `quantity` bigint(255) NOT NULL
) ENGINE=InnoDB DEFAULT CHARSET=latin1;

-- --------------------------------------------------------

--
-- Table structure for table `ci_sessions`
--

CREATE TABLE `ci_sessions` (
  `id` varchar(128) NOT NULL,
  `ip_address` varchar(45) NOT NULL,
  `timestamp` int(10) UNSIGNED NOT NULL DEFAULT 0,
  `data` blob NOT NULL
) ENGINE=InnoDB DEFAULT CHARSET=utf8mb4;

--
-- Dumping data for table `ci_sessions`
--

INSERT INTO `ci_sessions` (`id`, `ip_address`, `timestamp`, `data`) VALUES
('0ptnmoq71f9lpfhnne0urkpd5qdpje1s', '::1', 1577196672, 0x5f5f63695f6c6173745f726567656e65726174657c693a313537373139363637323b6c65646765725f69647c733a313a2231223b6c65646765725f7469746c657c733a353a2241686d6564223b63617274737c613a343a7b693a303b613a303a7b7d693a313b613a333a7b733a373a226974656d5f6964223b733a313a2234223b733a383a226974656d5f717479223b4e3b733a31303a226974656d5f7072696365223b4e3b7d693a323b613a333a7b733a373a226974656d5f6964223b733a313a2234223b733a383a226974656d5f717479223b4e3b733a31303a226974656d5f7072696365223b4e3b7d693a333b613a333a7b733a373a226974656d5f6964223b733a313a2234223b733a383a226974656d5f717479223b4e3b733a31303a226974656d5f7072696365223b4e3b7d7d),
('j5uj3gi30jdksjvspdcedfocqabjeltq', '::1', 1577197044, 0x5f5f63695f6c6173745f726567656e65726174657c693a313537373139373034343b6c65646765725f69647c733a313a2231223b6c65646765725f7469746c657c733a353a2241686d6564223b63617274737c613a343a7b693a303b613a303a7b7d693a313b613a333a7b733a373a226974656d5f6964223b733a313a2234223b733a383a226974656d5f717479223b4e3b733a31303a226974656d5f7072696365223b4e3b7d693a323b613a333a7b733a373a226974656d5f6964223b733a313a2234223b733a383a226974656d5f717479223b4e3b733a31303a226974656d5f7072696365223b4e3b7d693a333b613a333a7b733a373a226974656d5f6964223b733a313a2234223b733a383a226974656d5f717479223b4e3b733a31303a226974656d5f7072696365223b4e3b7d7d),
('hliv7bqs58h5rk9175qau6ttod27gjr7', '::1', 1577197385, 0x5f5f63695f6c6173745f726567656e65726174657c693a313537373139373338353b6c65646765725f69647c733a313a2231223b6c65646765725f7469746c657c733a353a2241686d6564223b63617274737c613a313a7b693a303b613a343a7b733a373a226974656d5f6964223b733a313a2234223b733a383a226974656d5f717479223b733a323a223130223b733a31303a226974656d5f7072696365223b733a323a223135223b733a353a227261776964223b693a3738333232323b7d7d),
('9qc96c3v866nakoc1jggkpg6hqgjo6bn', '::1', 1577198055, 0x5f5f63695f6c6173745f726567656e65726174657c693a313537373139383035353b6c65646765725f69647c733a313a2231223b6c65646765725f7469746c657c733a353a2241686d6564223b63617274737c613a323a7b693a303b613a343a7b733a373a226974656d5f6964223b733a313a2234223b733a383a226974656d5f717479223b733a323a223130223b733a31303a226974656d5f7072696365223b733a323a223135223b733a353a227261776964223b693a3738333232323b7d693a313b613a343a7b733a373a226974656d5f6964223b733a313a2235223b733a383a226974656d5f717479223b733a323a223330223b733a31303a226974656d5f7072696365223b733a323a223336223b733a353a227261776964223b693a3536313933373b7d7d),
('bo0rgt7ps7osob67k6fam602goni95gf', '::1', 1577198366, 0x5f5f63695f6c6173745f726567656e65726174657c693a313537373139383336363b6c65646765725f69647c733a313a2231223b6c65646765725f7469746c657c733a353a2241686d6564223b63617274737c613a313a7b693a303b613a343a7b733a373a226974656d5f6964223b733a313a2236223b733a383a226974656d5f717479223b733a323a223131223b733a31303a226974656d5f7072696365223b733a323a223235223b733a353a227261776964223b693a3539353631393b7d7d),
('b2nbmjq566maqt36smam41hu3gd7rgmu', '::1', 1577198823, 0x5f5f63695f6c6173745f726567656e65726174657c693a313537373139383832333b6c65646765725f69647c733a313a2231223b6c65646765725f7469746c657c733a353a2241686d6564223b63617274737c613a323a7b693a303b613a343a7b733a373a226974656d5f6964223b733a313a2236223b733a383a226974656d5f717479223b733a323a223131223b733a31303a226974656d5f7072696365223b733a323a223235223b733a353a227261776964223b693a3539353631393b7d693a313b613a343a7b733a373a226974656d5f6964223b733a313a2234223b733a383a226974656d5f717479223b733a313a2235223b733a31303a226974656d5f7072696365223b733a323a223330223b733a353a227261776964223b693a3332303639363b7d7d),
('9qgpilgnn6o8dgj2rk1ad1kbg80ofhar', '::1', 1577199449, 0x5f5f63695f6c6173745f726567656e65726174657c693a313537373139393434393b6c65646765725f69647c733a313a2231223b6c65646765725f7469746c657c733a353a2241686d6564223b63617274737c613a323a7b693a303b613a353a7b733a373a226974656d5f6964223b733a313a2234223b733a393a226974656d5f6e616d65223b733a31363a224175737472616c69616e205368656570223b733a383a226974656d5f717479223b733a323a223130223b733a31303a226974656d5f7072696365223b733a323a223235223b733a353a227261776964223b693a3639383030353b7d693a313b613a353a7b733a373a226974656d5f6964223b733a313a2235223b733a393a226974656d5f6e616d65223b733a31313a22496e6469616e20476f6174223b733a383a226974656d5f717479223b733a323a223130223b733a31303a226974656d5f7072696365223b733a323a223230223b733a353a227261776964223b693a3339323234353b7d7d),
('k3sf52phdd74cnb609rpv8usca49es63', '::1', 1577199852, 0x5f5f63695f6c6173745f726567656e65726174657c693a313537373139393835323b6c65646765725f69647c733a313a2231223b6c65646765725f7469746c657c733a353a2241686d6564223b63617274737c613a323a7b693a303b613a353a7b733a373a226974656d5f6964223b733a313a2234223b733a393a226974656d5f6e616d65223b733a31363a224175737472616c69616e205368656570223b733a383a226974656d5f717479223b733a323a223130223b733a31303a226974656d5f7072696365223b733a323a223235223b733a353a227261776964223b693a3639383030353b7d693a313b613a353a7b733a373a226974656d5f6964223b733a313a2235223b733a393a226974656d5f6e616d65223b733a31313a22496e6469616e20476f6174223b733a383a226974656d5f717479223b733a323a223130223b733a31303a226974656d5f7072696365223b733a323a223230223b733a353a227261776964223b693a3339323234353b7d7d),
('nqd3vdp1u8rlmurimos4oqovsm4cimte', '::1', 1577200186, 0x5f5f63695f6c6173745f726567656e65726174657c693a313537373230303138363b6c65646765725f69647c733a313a2231223b6c65646765725f7469746c657c733a353a2241686d6564223b63617274737c613a323a7b693a303b613a353a7b733a373a226974656d5f6964223b733a313a2234223b733a393a226974656d5f6e616d65223b733a31363a224175737472616c69616e205368656570223b733a383a226974656d5f717479223b733a323a223130223b733a31303a226974656d5f7072696365223b733a323a223235223b733a353a227261776964223b693a3639383030353b7d693a313b613a353a7b733a373a226974656d5f6964223b733a313a2235223b733a393a226974656d5f6e616d65223b733a31313a22496e6469616e20476f6174223b733a383a226974656d5f717479223b733a323a223130223b733a31303a226974656d5f7072696365223b733a323a223230223b733a353a227261776964223b693a3339323234353b7d7d),
('3d7p7ik8hnq74gqvjg3pei54j4i88beg', '::1', 1577200555, 0x5f5f63695f6c6173745f726567656e65726174657c693a313537373230303535353b6c65646765725f69647c733a313a2231223b6c65646765725f7469746c657c733a353a2241686d6564223b63617274737c613a303a7b7d),
('h4agj98koold0r2lqlhbtkrq21ggh544', '::1', 1577206330, 0x5f5f63695f6c6173745f726567656e65726174657c693a313537373230363333303b6c65646765725f69647c733a313a2231223b6c65646765725f7469746c657c733a353a2241686d6564223b63617274737c613a303a7b7d),
('kgpitglrtnbks63qicorts4aatsrl04g', '192.168.0.105', 1577200691, 0x5f5f63695f6c6173745f726567656e65726174657c693a313537373230303639313b),
('k7k781ovbgfngjb029hmvnskulfjtulj', '192.168.0.105', 1577200692, 0x5f5f63695f6c6173745f726567656e65726174657c693a313537373230303639323b),
('6kfq8n9lasf7mglce8kr0ds7368v3nne', '192.168.0.105', 1577200797, 0x5f5f63695f6c6173745f726567656e65726174657c693a313537373230303739373b),
('0sf007eue5d7bb4esr5e3c974siphta3', '192.168.0.105', 1577200868, 0x5f5f63695f6c6173745f726567656e65726174657c693a313537373230303836383b),
('k2dilph4s3gc7vkktduonr1ukkei0cqq', '192.168.0.105', 1577201747, 0x5f5f63695f6c6173745f726567656e65726174657c693a313537373230313734373b),
('m4mkv90709tl9n6fkfnbdfaar1vaproc', '192.168.0.105', 1577202066, 0x5f5f63695f6c6173745f726567656e65726174657c693a313537373230323036363b),
('he124pg92fvea5upion4n9otn5plitnk', '192.168.0.105', 1577202072, 0x5f5f63695f6c6173745f726567656e65726174657c693a313537373230323037323b),
('khdepau1o3drimitr0qaa6f5losuu1of', '192.168.0.105', 1577202073, 0x5f5f63695f6c6173745f726567656e65726174657c693a313537373230323037333b),
('t3hcif48dgckkf9h45po57p7teh9fh5k', '192.168.0.105', 1577202075, 0x5f5f63695f6c6173745f726567656e65726174657c693a313537373230323037353b),
('sb7p0rvrcuekd1kemgini5brih6rv7lp', '192.168.0.105', 1577202076, 0x5f5f63695f6c6173745f726567656e65726174657c693a313537373230323037363b),
('ioq0tu4b0kmk9suqsmdf1n7vvligk4lg', '192.168.0.105', 1577202078, 0x5f5f63695f6c6173745f726567656e65726174657c693a313537373230323037383b),
('840lgqe8928e9dedgtu2dhg3oae2gla0', '192.168.0.105', 1577202082, 0x5f5f63695f6c6173745f726567656e65726174657c693a313537373230323038323b),
('nob0ssllla1731rje8eq8hcrqv82l86o', '192.168.0.105', 1577202132, 0x5f5f63695f6c6173745f726567656e65726174657c693a313537373230323133323b),
('scpn2l90eqfrofc4qjn7ktps9kp8hqpl', '192.168.0.105', 1577202135, 0x5f5f63695f6c6173745f726567656e65726174657c693a313537373230323133353b),
('ug0mg872u0mq09c1dedrigf1oc01rf52', '192.168.0.105', 1577202207, 0x5f5f63695f6c6173745f726567656e65726174657c693a313537373230323230373b),
('ksq0ajp02k65ulovd7j3o0cs4gdgfc0l', '192.168.0.105', 1577202207, 0x5f5f63695f6c6173745f726567656e65726174657c693a313537373230323230373b),
('r76hh2akofdks2q9virrkj1ts68b4qti', '192.168.0.105', 1577202207, 0x5f5f63695f6c6173745f726567656e65726174657c693a313537373230323230373b),
('o1rnkkb4s0ospfqlha996kcdpq49nnj9', '192.168.0.105', 1577202209, 0x5f5f63695f6c6173745f726567656e65726174657c693a313537373230323230393b),
('3gp6djuj86rtnd3rut3inuru50uoetc4', '192.168.0.105', 1577202210, 0x5f5f63695f6c6173745f726567656e65726174657c693a313537373230323231303b),
('mp3gjtob5s4b7khgqllr30asrdfd72nk', '192.168.0.105', 1577202213, 0x5f5f63695f6c6173745f726567656e65726174657c693a313537373230323231333b),
('psuhq1kuppcl3fuj7d7uj9pkekdctrtc', '192.168.0.105', 1577202214, 0x5f5f63695f6c6173745f726567656e65726174657c693a313537373230323231343b),
('j0ui3nunvpda0i782lsn586h1953kh31', '192.168.0.105', 1577202215, 0x5f5f63695f6c6173745f726567656e65726174657c693a313537373230323231353b),
('lt6svsd0n724s31jgldvcn4p3h36pmtu', '192.168.0.105', 1577202216, 0x5f5f63695f6c6173745f726567656e65726174657c693a313537373230323231363b),
('jd9m9u1cppeq9qf07gotdtf5rf8q8por', '192.168.0.105', 1577202231, 0x5f5f63695f6c6173745f726567656e65726174657c693a313537373230323233313b),
('sr9ugbu68brfkodl05g77vgtifqpjanb', '192.168.0.105', 1577202232, 0x5f5f63695f6c6173745f726567656e65726174657c693a313537373230323233323b),
('994u841p4uetif92o1vtetoffjmjq8ka', '192.168.0.105', 1577202233, 0x5f5f63695f6c6173745f726567656e65726174657c693a313537373230323233333b),
('0tum8nktrpa1q2nar2fdaqb4680ih9rk', '192.168.0.105', 1577202275, 0x5f5f63695f6c6173745f726567656e65726174657c693a313537373230323237353b),
('2jbdq896huddlq7ft41fdsm8aueh711o', '192.168.0.105', 1577202277, 0x5f5f63695f6c6173745f726567656e65726174657c693a313537373230323237373b),
('h58v7ck44f8e0jt6qror2a68te93e2tl', '192.168.0.105', 1577202481, 0x5f5f63695f6c6173745f726567656e65726174657c693a313537373230323438313b),
('3m45eqgqhh3rbbjlgl6t3qr27h9n7e65', '192.168.0.105', 1577202488, 0x5f5f63695f6c6173745f726567656e65726174657c693a313537373230323438383b),
('v66t1h48gbahs0k3jqqsd5orgsg1e1pc', '192.168.0.105', 1577202488, 0x5f5f63695f6c6173745f726567656e65726174657c693a313537373230323438383b),
('hpnchohhk13t46k11skbmjncf9uirq1m', '192.168.0.105', 1577202489, 0x5f5f63695f6c6173745f726567656e65726174657c693a313537373230323438393b),
('pmokhd41ea3rpgjuu6br7k5ffc65ndaf', '192.168.0.105', 1577202489, 0x5f5f63695f6c6173745f726567656e65726174657c693a313537373230323438393b),
('iqemtkvnce5he3u0e8gq3hnnpo84lela', '192.168.0.105', 1577202494, 0x5f5f63695f6c6173745f726567656e65726174657c693a313537373230323439343b),
('arl40fu99omso7mi6stma242r4bu4ndn', '192.168.0.105', 1577202501, 0x5f5f63695f6c6173745f726567656e65726174657c693a313537373230323530313b),
('uk11ulrtc4e8lrlb2755q525k69kvjt5', '192.168.0.105', 1577202503, 0x5f5f63695f6c6173745f726567656e65726174657c693a313537373230323530333b),
('hba6oqieo0g5i2a90m6c9qklgb5k80t3', '192.168.0.105', 1577202509, 0x5f5f63695f6c6173745f726567656e65726174657c693a313537373230323530393b),
('a9v4euhtd1328jofg1gkk7t88cokul1h', '192.168.0.105', 1577202513, 0x5f5f63695f6c6173745f726567656e65726174657c693a313537373230323531333b),
('fqm44va7k88nscds4k7hjqk8idcic7gg', '192.168.0.105', 1577202513, 0x5f5f63695f6c6173745f726567656e65726174657c693a313537373230323531333b),
('18tjc4diemnpcarknc1im1pedfbea43t', '192.168.0.105', 1577202745, 0x5f5f63695f6c6173745f726567656e65726174657c693a313537373230323734353b),
('h3b3h5124ku101lhdkeoqk2nr23bicfp', '192.168.0.105', 1577202809, 0x5f5f63695f6c6173745f726567656e65726174657c693a313537373230323830393b),
('ip2ig8kpkvput0n8sn93dvl9a16ipima', '192.168.0.105', 1577202816, 0x5f5f63695f6c6173745f726567656e65726174657c693a313537373230323831363b),
('k192s3pt3iov162jb5no75hmpo08pli1', '192.168.0.105', 1577202821, 0x5f5f63695f6c6173745f726567656e65726174657c693a313537373230323832313b),
('6cthl5bq9psmf6978gfqittm81oihk4k', '192.168.0.105', 1577202909, 0x5f5f63695f6c6173745f726567656e65726174657c693a313537373230323930393b),
('segfa5p9uqt8o23ih6onb6fcqmen543n', '192.168.0.105', 1577202916, 0x5f5f63695f6c6173745f726567656e65726174657c693a313537373230323931363b),
('g1uev2mogsvj68dk880frlevt2k143m8', '192.168.0.105', 1577202917, 0x5f5f63695f6c6173745f726567656e65726174657c693a313537373230323931373b),
('nltut1vuv49c2qukd6fi6utb50ioal0b', '192.168.0.105', 1577202923, 0x5f5f63695f6c6173745f726567656e65726174657c693a313537373230323932333b),
('phma5r0o1161o30hklm7ka6af6jebfuv', '192.168.0.105', 1577202925, 0x5f5f63695f6c6173745f726567656e65726174657c693a313537373230323932353b),
('5bvoaacivfgork3ed80tk2j139t4reo9', '192.168.0.105', 1577202925, 0x5f5f63695f6c6173745f726567656e65726174657c693a313537373230323932353b),
('btdt0nav3amohqb4u5c77o3guim96lm6', '192.168.0.105', 1577202963, 0x5f5f63695f6c6173745f726567656e65726174657c693a313537373230323936333b),
('p9dbdv03i4ljc0kv6ksjl9govkvhq83m', '192.168.0.105', 1577203013, 0x5f5f63695f6c6173745f726567656e65726174657c693a313537373230333031333b),
('skakghkdjq7cgvieda0nihvdkm1uvpem', '192.168.0.105', 1577203017, 0x5f5f63695f6c6173745f726567656e65726174657c693a313537373230333031373b),
('fgtqn1an7prej1aunbsjle6urmd2lc9k', '192.168.0.105', 1577203022, 0x5f5f63695f6c6173745f726567656e65726174657c693a313537373230333032323b),
('6aquo2r062m3fqlf2cabe74jadjo6ghn', '192.168.0.105', 1577203232, 0x5f5f63695f6c6173745f726567656e65726174657c693a313537373230333233323b),
('833r91gok33p29v0gmnjf8oo0rfn39j6', '192.168.0.105', 1577203237, 0x5f5f63695f6c6173745f726567656e65726174657c693a313537373230333233373b),
('chml6c41640cv29p6qhsku58pe2cofql', '192.168.0.105', 1577203238, 0x5f5f63695f6c6173745f726567656e65726174657c693a313537373230333233383b),
('hd9gmkkpea66kb1odpdk4q6aqpufi0cg', '192.168.0.105', 1577203244, 0x5f5f63695f6c6173745f726567656e65726174657c693a313537373230333234343b),
('39cm7fhcug5dk51ggpvsaee5bsivpr4k', '192.168.0.105', 1577203246, 0x5f5f63695f6c6173745f726567656e65726174657c693a313537373230333234363b),
('vdfnrcvhttffue8ur833ef53skv19pkk', '192.168.0.105', 1577203270, 0x5f5f63695f6c6173745f726567656e65726174657c693a313537373230333237303b),
('tdf5irhd4es9q0vj8dal4lr99mqabvi5', '192.168.0.105', 1577203274, 0x5f5f63695f6c6173745f726567656e65726174657c693a313537373230333237343b),
('92a8sg23r5p2crot6tajndfmve3qeu0b', '192.168.0.105', 1577203275, 0x5f5f63695f6c6173745f726567656e65726174657c693a313537373230333237353b),
('jjq2i795ccdvjio6rrg0k3vaqp6j1p10', '192.168.0.105', 1577203281, 0x5f5f63695f6c6173745f726567656e65726174657c693a313537373230333238313b),
('bqnl5lgj638t55ph7d2cnpjhkt36o1os', '192.168.0.105', 1577203282, 0x5f5f63695f6c6173745f726567656e65726174657c693a313537373230333238323b),
('ijgdtul5ildn3sspi3020jq9ei2gldeo', '192.168.0.105', 1577203282, 0x5f5f63695f6c6173745f726567656e65726174657c693a313537373230333238323b),
('igt72u2lsg66hfcmqvkh87lg1306jekn', '192.168.0.105', 1577203329, 0x5f5f63695f6c6173745f726567656e65726174657c693a313537373230333332393b),
('8ngvm3ttbqoab79c82u1he48qiafa8eq', '192.168.0.105', 1577203414, 0x5f5f63695f6c6173745f726567656e65726174657c693a313537373230333431343b),
('4g5c5vm2cblg8igp6s77dgc2tn0dsci1', '192.168.0.105', 1577203456, 0x5f5f63695f6c6173745f726567656e65726174657c693a313537373230333435363b),
('9bqg313fpmmq2528kstm0go6u63036gr', '192.168.0.105', 1577203495, 0x5f5f63695f6c6173745f726567656e65726174657c693a313537373230333439353b),
('aej3fc1m1r8tqc5nqj2378c9j8dbplm0', '192.168.0.105', 1577204070, 0x5f5f63695f6c6173745f726567656e65726174657c693a313537373230343037303b),
('vsnhj44cpq7em4vgrfe9r7i2hpqc71c6', '192.168.0.105', 1577204143, 0x5f5f63695f6c6173745f726567656e65726174657c693a313537373230343134333b),
('a7ccp2emtqlgq3lc3qg9dguiie67vso7', '192.168.0.105', 1577204240, 0x5f5f63695f6c6173745f726567656e65726174657c693a313537373230343234303b),
('vg1p6oltqbidssb1utrqklteonhg1q6h', '192.168.0.105', 1577204302, 0x5f5f63695f6c6173745f726567656e65726174657c693a313537373230343330323b),
('4qdiviief6qm5htobkh59g5dedc8dtp7', '192.168.0.105', 1577204343, 0x5f5f63695f6c6173745f726567656e65726174657c693a313537373230343334333b),
('chh07v44c37q9fmousjcoj18ghj3ml4u', '192.168.0.105', 1577204511, 0x5f5f63695f6c6173745f726567656e65726174657c693a313537373230343531313b),
('2a5eh14f74pcaphkgd01b9ega2vcc6rt', '192.168.0.105', 1577204633, 0x5f5f63695f6c6173745f726567656e65726174657c693a313537373230343633333b),
('okj7jpschtp75cj9s7qdk4c5ce90p6t2', '192.168.0.105', 1577204670, 0x5f5f63695f6c6173745f726567656e65726174657c693a313537373230343637303b),
('ver828sa8njnuvnk959srg6nk5h43io2', '192.168.0.105', 1577204919, 0x5f5f63695f6c6173745f726567656e65726174657c693a313537373230343931393b),
('bfaru921o4b2bvkci2178j9m1hcnqot9', '192.168.0.105', 1577204922, 0x5f5f63695f6c6173745f726567656e65726174657c693a313537373230343932323b),
('pvv5nli20p1b5e9v57hvt094ucoddcpp', '192.168.0.105', 1577204924, 0x5f5f63695f6c6173745f726567656e65726174657c693a313537373230343932343b),
('phuephavr768uu3rp388ro8rokflbhsl', '192.168.0.105', 1577204925, 0x5f5f63695f6c6173745f726567656e65726174657c693a313537373230343932353b),
('o0kct8rnfiuvsgd35jcbjq82c6svvjvs', '192.168.0.105', 1577204943, 0x5f5f63695f6c6173745f726567656e65726174657c693a313537373230343934333b),
('b3s94n7kkde16dmkl73qvcpkrudbg27k', '192.168.0.105', 1577204944, 0x5f5f63695f6c6173745f726567656e65726174657c693a313537373230343934343b),
('vq48gi19t2ibfer8kimo6bqlhr2g1406', '192.168.0.105', 1577205004, 0x5f5f63695f6c6173745f726567656e65726174657c693a313537373230353030343b),
('nkpjbrc55gtl687or87b4h4n2ta8npvc', '::1', 1577206541, 0x5f5f63695f6c6173745f726567656e65726174657c693a313537373230363333303b6c65646765725f69647c733a313a2231223b6c65646765725f7469746c657c733a353a2241686d6564223b63617274737c613a303a7b7d),
('42mo91nscvbn400h2di0n63oppi665u3', '::1', 1577270543, 0x5f5f63695f6c6173745f726567656e65726174657c693a313537373237303534333b6c65646765725f69647c733a313a2231223b6c65646765725f7469746c657c733a353a2241686d6564223b),
('hjk5ha7me6ag0dvsvpestrqs7bgeisn5', '::1', 1577271795, 0x5f5f63695f6c6173745f726567656e65726174657c693a313537373237313739353b6c65646765725f69647c733a313a2231223b6c65646765725f7469746c657c733a353a2241686d6564223b),
('jllj4bfvs8ifo9e780tg6upsmcgh1sv0', '::1', 1577272375, 0x5f5f63695f6c6173745f726567656e65726174657c693a313537373237323337353b6c65646765725f69647c733a313a2231223b6c65646765725f7469746c657c733a353a2241686d6564223b),
('9q4f3m98h07gv7elieri25sruhhpop0s', '::1', 1577273008, 0x5f5f63695f6c6173745f726567656e65726174657c693a313537373237333030383b6c65646765725f69647c733a313a2231223b6c65646765725f7469746c657c733a353a2241686d6564223b),
('nrt59pag4qqb0ae660joek6kd468r3mg', '::1', 1577273643, 0x5f5f63695f6c6173745f726567656e65726174657c693a313537373237333634333b6c65646765725f69647c733a313a2231223b6c65646765725f7469746c657c733a353a2241686d6564223b),
('9s6t3vjvilrihil6dpq3acngf769aq5e', '::1', 1577273966, 0x5f5f63695f6c6173745f726567656e65726174657c693a313537373237333936363b6c65646765725f69647c733a313a2231223b6c65646765725f7469746c657c733a353a2241686d6564223b),
('67ipovpm1pql5p7k17pt4a3a3fgrit19', '::1', 1577274496, 0x5f5f63695f6c6173745f726567656e65726174657c693a313537373237343439363b6c65646765725f69647c733a313a2231223b6c65646765725f7469746c657c733a353a2241686d6564223b),
('a1f8d1dsqgipbs420ga40lrevlblemje', '::1', 1577274839, 0x5f5f63695f6c6173745f726567656e65726174657c693a313537373237343833393b6c65646765725f69647c733a313a2231223b6c65646765725f7469746c657c733a353a2241686d6564223b),
('5el392vpfqhhbd2p31j0srm6shjlhm5k', '::1', 1577275263, 0x5f5f63695f6c6173745f726567656e65726174657c693a313537373237353236333b6c65646765725f69647c733a313a2231223b6c65646765725f7469746c657c733a353a2241686d6564223b63617274737c613a303a7b7d),
('uubvb28set5r9qfbg1n5v22i1fa5j8ei', '::1', 1577275595, 0x5f5f63695f6c6173745f726567656e65726174657c693a313537373237353539353b6c65646765725f69647c733a313a2231223b6c65646765725f7469746c657c733a353a2241686d6564223b63617274737c613a303a7b7d),
('3vo9kjji5r1ov91c33oqfrr523g393p4', '::1', 1577276128, 0x5f5f63695f6c6173745f726567656e65726174657c693a313537373237363132383b6c65646765725f69647c733a313a2231223b6c65646765725f7469746c657c733a353a2241686d6564223b63617274737c613a303a7b7d),
('l598uo1v8hq4dhfahkbepqdbqq0a7ddg', '::1', 1577276456, 0x5f5f63695f6c6173745f726567656e65726174657c693a313537373237363435363b6c65646765725f69647c733a313a2231223b6c65646765725f7469746c657c733a353a2241686d6564223b63617274737c613a303a7b7d),
('f8sfjoheosur27jjh5k96648n91290ha', '::1', 1577276786, 0x5f5f63695f6c6173745f726567656e65726174657c693a313537373237363738363b6c65646765725f69647c733a313a2231223b6c65646765725f7469746c657c733a353a2241686d6564223b63617274737c613a303a7b7d),
('to23jdcavte00lqtfn5qq9uvemk69u06', '::1', 1577277195, 0x5f5f63695f6c6173745f726567656e65726174657c693a313537373237373139353b6c65646765725f69647c733a313a2231223b6c65646765725f7469746c657c733a353a2241686d6564223b63617274737c613a303a7b7d),
('a2e9mcv9eidvgmlu8t8aivi7l2fdhql5', '::1', 1577277536, 0x5f5f63695f6c6173745f726567656e65726174657c693a313537373237373533363b6c65646765725f69647c733a313a2231223b6c65646765725f7469746c657c733a353a2241686d6564223b63617274737c613a303a7b7d),
('q2bhr37tbbn4o6qd398btggtardk98al', '::1', 1577280635, 0x5f5f63695f6c6173745f726567656e65726174657c693a313537373238303633353b6c65646765725f69647c733a313a2231223b6c65646765725f7469746c657c733a353a2241686d6564223b63617274737c613a303a7b7d),
('fb9kki6r2fj5pp64us2o2be20p10co9r', '::1', 1577281003, 0x5f5f63695f6c6173745f726567656e65726174657c693a313537373238313030333b6c65646765725f69647c733a313a2231223b6c65646765725f7469746c657c733a353a2241686d6564223b63617274737c613a303a7b7d),
('1a48tfilr9tu4aqk2d4lj6krkmunk3lv', '::1', 1577281633, 0x5f5f63695f6c6173745f726567656e65726174657c693a313537373238313633333b6c65646765725f69647c733a313a2231223b6c65646765725f7469746c657c733a353a2241686d6564223b63617274737c613a303a7b7d),
('f682li4ma38s0q4rgeofff4g6rfelp30', '::1', 1577281786, 0x5f5f63695f6c6173745f726567656e65726174657c693a313537373238313633333b6c65646765725f69647c733a313a2231223b6c65646765725f7469746c657c733a353a2241686d6564223b63617274737c613a303a7b7d),
('p3fi0mqvl6p43q87tvjh0piojvbu1bjb', '192.168.0.100', 1577612941, 0x5f5f63695f6c6173745f726567656e65726174657c693a313537373631323934313b),
('6ebog8ph1njtqm9e70gsiceh0r6aklje', '192.168.0.100', 1577612942, 0x5f5f63695f6c6173745f726567656e65726174657c693a313537373631323934323b),
('om8vjiam6l2i1h783sq41973pb8b2b96', '::1', 1577613514, 0x5f5f63695f6c6173745f726567656e65726174657c693a313537373631333234363b),
('46s1bcs29cjir9n843570kcla6johj0b', '::1', 1577616028, 0x5f5f63695f6c6173745f726567656e65726174657c693a313537373631363032383b),
('d9qont4tcphg9fbapno1eni8ktpusi7p', '192.168.0.100', 1577615655, 0x5f5f63695f6c6173745f726567656e65726174657c693a313537373631353635353b),
('ivtsbrd13lvqh4rm504mjabqihk6iq2f', '192.168.0.100', 1577615684, 0x5f5f63695f6c6173745f726567656e65726174657c693a313537373631353638343b),
('vuhivvmeudbl2ni8t232tvvpp2b12n17', '192.168.0.100', 1577615963, 0x5f5f63695f6c6173745f726567656e65726174657c693a313537373631353936333b),
('tab5ap6qpcm84stlo7g0hdsit3s8ijk2', '::1', 1577616525, 0x5f5f63695f6c6173745f726567656e65726174657c693a313537373631363532353b),
('kljvu3rt0uuch6ijaundp5podqrnsjgg', '192.168.0.100', 1577616206, 0x5f5f63695f6c6173745f726567656e65726174657c693a313537373631363230363b),
('jg6ee94pcikit9lpfdnkohirckcjksgc', '192.168.0.100', 1577616520, 0x5f5f63695f6c6173745f726567656e65726174657c693a313537373631363532303b),
('o0j54bifi7roue0p2fuq5vk68oiu0v8t', '::1', 1577618241, 0x5f5f63695f6c6173745f726567656e65726174657c693a313537373631383234313b),
('euss6p5sshr26v8lrkf69lmrve74j7da', '192.168.0.105', 1577616715, 0x5f5f63695f6c6173745f726567656e65726174657c693a313537373631363731353b),
('5uv6qdq5pkphjr6es0nnlkilsj6d4fto', '192.168.0.105', 1577616716, 0x5f5f63695f6c6173745f726567656e65726174657c693a313537373631363731363b),
('lfacf0q4mjkomajrit231bknfvm1h2i1', '192.168.0.105', 1577616729, 0x5f5f63695f6c6173745f726567656e65726174657c693a313537373631363732393b),
('6t3na2s3u9uat45kkad8l20ffpegjnkv', '192.168.0.105', 1577616731, 0x5f5f63695f6c6173745f726567656e65726174657c693a313537373631363733313b),
('ffil3qq05is49s1v6826b6423k1kkatm', '192.168.0.105', 1577616734, 0x5f5f63695f6c6173745f726567656e65726174657c693a313537373631363733333b),
('896jgjklfarafm7a5aa1bljbp064hr4c', '192.168.0.105', 1577616734, 0x5f5f63695f6c6173745f726567656e65726174657c693a313537373631363733343b),
('71s8tcb6lbhsnsuftc198dcjank2cbl6', '192.168.0.100', 1577616734, 0x5f5f63695f6c6173745f726567656e65726174657c693a313537373631363733343b),
('hobbltvn646iem55t99ii5f48dhl00q4', '192.168.0.100', 1577616745, 0x5f5f63695f6c6173745f726567656e65726174657c693a313537373631363734353b),
('p4ioc9slub3kbbjpcslhqrjmud0pdjk7', '192.168.0.100', 1577616774, 0x5f5f63695f6c6173745f726567656e65726174657c693a313537373631363737343b),
('i3tg9ismgifpqkuatj77or6dfep24q1g', '192.168.0.100', 1577616934, 0x5f5f63695f6c6173745f726567656e65726174657c693a313537373631363933343b),
('60aeprtltug7eifos0hl6cajj5o8odm0', '192.168.0.105', 1577616984, 0x5f5f63695f6c6173745f726567656e65726174657c693a313537373631363938343b),
('uhbq79nndumm7rmt9c0etlt5o1ea88uk', '192.168.0.105', 1577616984, 0x5f5f63695f6c6173745f726567656e65726174657c693a313537373631363938343b),
('b7qc840ibe0i27ci5aqtnlqk5g62gsb6', '192.168.0.100', 1577616997, 0x5f5f63695f6c6173745f726567656e65726174657c693a313537373631363939373b),
('vuum9stc84qjh377sl7fmht4q72lqfdg', '192.168.0.105', 1577617009, 0x5f5f63695f6c6173745f726567656e65726174657c693a313537373631373030383b),
('ni5ip6geioq7cf9ca865s5fgkiba0v4n', '192.168.0.105', 1577617009, 0x5f5f63695f6c6173745f726567656e65726174657c693a313537373631373030393b),
('8n1l61lm9h8emtf4vvl07s4lkri0u52b', '192.168.0.100', 1577617009, 0x5f5f63695f6c6173745f726567656e65726174657c693a313537373631373030393b),
('m9gddh2jmrk7uh70m98ligdr6hpajqih', '192.168.0.100', 1577617040, 0x5f5f63695f6c6173745f726567656e65726174657c693a313537373631373034303b),
('qod5i1rcqutgfgb82gnaubi17d9g2dat', '192.168.0.105', 1577617042, 0x5f5f63695f6c6173745f726567656e65726174657c693a313537373631373034323b),
('p8i7cirltl386kb1pq0e7mi6cp7ru9l1', '192.168.0.105', 1577617043, 0x5f5f63695f6c6173745f726567656e65726174657c693a313537373631373034333b),
('38d3bnt67u5t0mqhaqrfuhl227kam9s8', '192.168.0.100', 1577617043, 0x5f5f63695f6c6173745f726567656e65726174657c693a313537373631373034333b),
('p4qrbuavb5ohq29b4k498v4ff6o9gken', '192.168.0.105', 1577617116, 0x5f5f63695f6c6173745f726567656e65726174657c693a313537373631373131363b),
('pe5s7abi15eb3ik5npc7nvhk7cpo40pq', '192.168.0.105', 1577617117, 0x5f5f63695f6c6173745f726567656e65726174657c693a313537373631373131373b),
('b320kea41cs52u4m3pf6vjshbep2o1mc', '192.168.0.100', 1577617166, 0x5f5f63695f6c6173745f726567656e65726174657c693a313537373631373136363b),
('l5sjje64gl3er5chjb77nvnj8bv9fgbn', '192.168.0.105', 1577617178, 0x5f5f63695f6c6173745f726567656e65726174657c693a313537373631373137383b),
('ejr0m8c2a4lrqmic3r3r3qq7usp9n3eo', '192.168.0.105', 1577617180, 0x5f5f63695f6c6173745f726567656e65726174657c693a313537373631373138303b),
('omohba5bibjvld5l42fk4psbnl77oa86', '192.168.0.105', 1577617183, 0x5f5f63695f6c6173745f726567656e65726174657c693a313537373631373138323b),
('52cgtl1ro3bccf12gd41bsrruj2hfvtk', '192.168.0.105', 1577617183, 0x5f5f63695f6c6173745f726567656e65726174657c693a313537373631373138333b),
('i6qkok52jr0l7uf5uhnbfnigq6e43q2a', '192.168.0.100', 1577617183, 0x5f5f63695f6c6173745f726567656e65726174657c693a313537373631373138333b),
('ke9cg6u2vqc4ko41op79icilrs9b97ns', '192.168.0.105', 1577617188, 0x5f5f63695f6c6173745f726567656e65726174657c693a313537373631373138373b),
('2qjk8rftptqddadf090sirnigigtda41', '192.168.0.105', 1577617188, 0x5f5f63695f6c6173745f726567656e65726174657c693a313537373631373138383b),
('f2lri8i2uqr263mfa64l6pas17k7aneq', '192.168.0.100', 1577617189, 0x5f5f63695f6c6173745f726567656e65726174657c693a313537373631373138393b),
('mqktl2c9hqigu3m75riqe7a5ifa62u19', '192.168.0.105', 1577617193, 0x5f5f63695f6c6173745f726567656e65726174657c693a313537373631373139323b),
('l0h4su1nogsnrcuvggs3hueo4gki8a59', '192.168.0.105', 1577617194, 0x5f5f63695f6c6173745f726567656e65726174657c693a313537373631373139343b),
('teq137b3hahdi38kl1eud66i44jughga', '192.168.0.100', 1577617194, 0x5f5f63695f6c6173745f726567656e65726174657c693a313537373631373139343b),
('1dpa003t8veu68jmvt5inlhjil0aisuk', '192.168.0.100', 1577617196, 0x5f5f63695f6c6173745f726567656e65726174657c693a313537373631373139363b),
('okf503o1r84h9cogq5p10m8htd8nj7d3', '192.168.0.105', 1577617210, 0x5f5f63695f6c6173745f726567656e65726174657c693a313537373631373231303b),
('2pnuenbpsnkmosco7uc0cf59a0l9qo7r', '192.168.0.105', 1577617211, 0x5f5f63695f6c6173745f726567656e65726174657c693a313537373631373231313b),
('63abl24a39sdrf38ldbrpoqrhbse6k0a', '192.168.0.100', 1577617218, 0x5f5f63695f6c6173745f726567656e65726174657c693a313537373631373231383b),
('c900d14a02cm2etceklquoav9r6mjcj0', '192.168.0.100', 1577617272, 0x5f5f63695f6c6173745f726567656e65726174657c693a313537373631373237323b),
('iad2p1aftgh1pe41shj5tl7htsopgikh', '192.168.0.105', 1577617283, 0x5f5f63695f6c6173745f726567656e65726174657c693a313537373631373238333b),
('qo3sorsfdu8p0nb8o5qilb9ajsmn6lbp', '192.168.0.105', 1577617284, 0x5f5f63695f6c6173745f726567656e65726174657c693a313537373631373238343b),
('hk2nk1ff8qh43hq1akvbiv1lm363nqql', '192.168.0.105', 1577617299, 0x5f5f63695f6c6173745f726567656e65726174657c693a313537373631373239393b),
('8rirdqjt506s33thuuuhhq205bp2l5kf', '192.168.0.105', 1577617300, 0x5f5f63695f6c6173745f726567656e65726174657c693a313537373631373330303b),
('k1o16g6mrc99ph8f30436omrfpmhs60l', '192.168.0.100', 1577617300, 0x5f5f63695f6c6173745f726567656e65726174657c693a313537373631373330303b),
('hmb22f1ssvmvuiorpak4onn7k9gid60g', '192.168.0.100', 1577618117, 0x5f5f63695f6c6173745f726567656e65726174657c693a313537373631383131373b),
('3l9l47qaidl27f18lk99jif01q40rrj8', '192.168.0.100', 1577618232, 0x5f5f63695f6c6173745f726567656e65726174657c693a313537373631383233323b),
('fok6cbbosfhb8bka0qovri5hki73rct8', '::1', 1577618978, 0x5f5f63695f6c6173745f726567656e65726174657c693a313537373631383937383b6c65646765725f69647c733a313a2231223b6c65646765725f7469746c657c733a353a2241686d6564223b),
('st14rga12269a5ue5kfmqkritbg9i4u3', '::1', 1577625924, 0x5f5f63695f6c6173745f726567656e65726174657c693a313537373632353932343b6c65646765725f69647c733a313a2231223b6c65646765725f7469746c657c733a353a2241686d6564223b),
('0sk7um6jar5oo6rnegbmvihf6t8j6q8d', '192.168.0.100', 1577618978, 0x5f5f63695f6c6173745f726567656e65726174657c693a313537373631383937383b),
('qrsqpulsm5rqfc0iqqa2b62r3k6umd6e', '192.168.0.100', 1577618978, 0x5f5f63695f6c6173745f726567656e65726174657c693a313537373631383937383b),
('ts0hi9gt75077p2gbpdp949an7grnghi', '192.168.0.100', 1577619018, 0x5f5f63695f6c6173745f726567656e65726174657c693a313537373631393031383b),
('t6ojju8abeict7fbe9r33difr1ffjtfd', '192.168.0.100', 1577619018, 0x5f5f63695f6c6173745f726567656e65726174657c693a313537373631393031383b),
('0043jkmbii6417gclnb70e2u8lua3cju', '192.168.0.100', 1577619059, 0x5f5f63695f6c6173745f726567656e65726174657c693a313537373631393035393b),
('lu37d2mk5t88qg9vmdrn6df7hs71bpf3', '192.168.0.100', 1577619059, 0x5f5f63695f6c6173745f726567656e65726174657c693a313537373631393035393b),
('n62ij980puf3ol1r80oiltvct0v6egcv', '192.168.0.100', 1577619187, 0x5f5f63695f6c6173745f726567656e65726174657c693a313537373631393138373b),
('ajvu04tuhlhumcjp82io33e5fat32ji3', '192.168.0.100', 1577619882, 0x5f5f63695f6c6173745f726567656e65726174657c693a313537373631393838313b),
('0clkl8u63hjmf4akgfjneh060qibpisp', '192.168.0.100', 1577621768, 0x5f5f63695f6c6173745f726567656e65726174657c693a313537373632313736383b),
('59o4896igi2cfcu7le9acev6rn4bkn4i', '192.168.0.100', 1577621789, 0x5f5f63695f6c6173745f726567656e65726174657c693a313537373632313738393b),
('uj34mh5otbkbaec9fj22k9qccl6161nj', '192.168.0.100', 1577621796, 0x5f5f63695f6c6173745f726567656e65726174657c693a313537373632313739363b),
('gkcf942dhhrpvc2qmmlgj6devd9hcpun', '192.168.0.100', 1577621820, 0x5f5f63695f6c6173745f726567656e65726174657c693a313537373632313832303b),
('u91aic4cdhd7a05u7qthhnn6cm55sdl6', '192.168.0.100', 1577621830, 0x5f5f63695f6c6173745f726567656e65726174657c693a313537373632313833303b),
('hb8ncglba67881f7r1uh6dtthqp27tgt', '192.168.0.100', 1577621843, 0x5f5f63695f6c6173745f726567656e65726174657c693a313537373632313834333b),
('kfa4u5heotg8kiv5ch8pcouq5rdrm5bn', '192.168.0.100', 1577621864, 0x5f5f63695f6c6173745f726567656e65726174657c693a313537373632313836343b),
('h6kdaa01qjqd84ne1q1k0jua0k4tt5mt', '192.168.0.100', 1577622003, 0x5f5f63695f6c6173745f726567656e65726174657c693a313537373632323030333b),
('ik926tpuvobvm236qtmu3kgoebd764ds', '192.168.0.100', 1577622055, 0x5f5f63695f6c6173745f726567656e65726174657c693a313537373632323035353b),
('t0v2ter8fjlg2q3bkahpumqm26erqu72', '192.168.0.100', 1577622057, 0x5f5f63695f6c6173745f726567656e65726174657c693a313537373632323035373b),
('0es42gujf4clhmukb4kofpmnvdt0h552', '192.168.0.100', 1577622148, 0x5f5f63695f6c6173745f726567656e65726174657c693a313537373632323134383b),
('06k8a09rs04ekh9f3insu35gvkuc8tpd', '192.168.0.100', 1577622155, 0x5f5f63695f6c6173745f726567656e65726174657c693a313537373632323135353b),
('psnig8j16oq1629nspnljrmemeqtfm5d', '::1', 1577625924, 0x5f5f63695f6c6173745f726567656e65726174657c693a313537373632353932343b6c65646765725f69647c733a313a2231223b6c65646765725f7469746c657c733a353a2241686d6564223b),
('4j09s4gtugd89vjkiqn61bb2f21qg13n', '192.168.0.100', 1577628498, 0x5f5f63695f6c6173745f726567656e65726174657c693a313537373632383439383b),
('c90q4fo64civm30ln2kfq5688ot0kvsa', '192.168.0.105', 1577801475, 0x5f5f63695f6c6173745f726567656e65726174657c693a313537373830313437353b),
('2ri1sns0esv6fkpgstvoei56cautpa6t', '192.168.0.105', 1577801766, 0x5f5f63695f6c6173745f726567656e65726174657c693a313537373830313736363b),
('l5go9oqc7unk650dp7kr5i7nqlplo16o', '192.168.0.105', 1577801766, 0x5f5f63695f6c6173745f726567656e65726174657c693a313537373830313736363b),
('q505c5bj3djm1qib8gs0jtq7a66q6424', '192.168.0.105', 1577802822, 0x5f5f63695f6c6173745f726567656e65726174657c693a313537373830323832323b),
('ldflugc81u009jch7s2ibfahivsvmct0', '192.168.0.105', 1577803268, 0x5f5f63695f6c6173745f726567656e65726174657c693a313537373830333236383b),
('6bqbvdbg1kttfvi35750jjle5ddfei8e', '192.168.0.105', 1577803521, 0x5f5f63695f6c6173745f726567656e65726174657c693a313537373830333532313b),
('h7lauh0mrd9lp8487qdmega5785fr615', '192.168.0.105', 1577804111, 0x5f5f63695f6c6173745f726567656e65726174657c693a313537373830343131313b),
('9dv2pm463upi76somuht2cq7g9ancr3l', '192.168.0.105', 1577804112, 0x5f5f63695f6c6173745f726567656e65726174657c693a313537373830343131323b),
('1419gdki824mkgfqk87kgompp80op9uk', '192.168.0.105', 1577804115, 0x5f5f63695f6c6173745f726567656e65726174657c693a313537373830343131353b),
('v89keat32g8p5pdffbbuucuekskuqflm', '192.168.0.105', 1577804115, 0x5f5f63695f6c6173745f726567656e65726174657c693a313537373830343131353b),
('fcmnv6b5f1hvm2uk9f6cc9it7cf5imjb', '192.168.0.105', 1577804125, 0x5f5f63695f6c6173745f726567656e65726174657c693a313537373830343132353b),
('9i7nlhsl8p5ibe6umc394cnep35emvnj', '192.168.0.105', 1577804136, 0x5f5f63695f6c6173745f726567656e65726174657c693a313537373830343133363b),
('pn9fppvkptahav3ougjp3l35g9frq9qj', '192.168.0.105', 1577804136, 0x5f5f63695f6c6173745f726567656e65726174657c693a313537373830343133363b),
('kfifjfdvt3ijtmugelqi8qpfd3rdr36h', '192.168.0.105', 1577804136, 0x5f5f63695f6c6173745f726567656e65726174657c693a313537373830343133363b),
('g2l5j3v8nk6q50ojthklpqlb1ljqttpl', '192.168.0.105', 1577804136, 0x5f5f63695f6c6173745f726567656e65726174657c693a313537373830343133363b),
('ijrr7htnkinr062nbpu2q5jqtpg3gmij', '192.168.0.105', 1577804144, 0x5f5f63695f6c6173745f726567656e65726174657c693a313537373830343134343b),
('becrhnetpg6tam0oa0u5qmig8hus2j2j', '192.168.0.105', 1577804144, 0x5f5f63695f6c6173745f726567656e65726174657c693a313537373830343134343b),
('8sbnni4iprctt7mpku4cs5ng9g8iqh4p', '192.168.0.105', 1577804161, 0x5f5f63695f6c6173745f726567656e65726174657c693a313537373830343136313b),
('cq9g7q96brc0hujt5jcn7gdsd1drpe74', '192.168.0.105', 1577804165, 0x5f5f63695f6c6173745f726567656e65726174657c693a313537373830343136353b),
('8ukhs7ohblrg7ip7b0corc4n8tgrjbrf', '192.168.0.105', 1577804169, 0x5f5f63695f6c6173745f726567656e65726174657c693a313537373830343136393b),
('m05qpmnn9bes6ut8pfmvvu3urkadqab0', '192.168.0.105', 1577804169, 0x5f5f63695f6c6173745f726567656e65726174657c693a313537373830343136393b),
('b1ssf3o5qi1oelpvgvb7f81537kalo02', '192.168.0.105', 1577804173, 0x5f5f63695f6c6173745f726567656e65726174657c693a313537373830343137333b),
('v1q29kl25etliohg9al0j01cff9jqovn', '192.168.0.105', 1577804232, 0x5f5f63695f6c6173745f726567656e65726174657c693a313537373830343233323b),
('tun1gp6vj84hhbnfca5rkijsilak139h', '192.168.0.105', 1577804242, 0x5f5f63695f6c6173745f726567656e65726174657c693a313537373830343234323b),
('n2vcnbl4j9ihgkfqlh8646s9grarhqqh', '192.168.0.105', 1577804335, 0x5f5f63695f6c6173745f726567656e65726174657c693a313537373830343333353b),
('d8dvn2k08gf1b3iveuah8oklircqa0hk', '192.168.0.105', 1577804372, 0x5f5f63695f6c6173745f726567656e65726174657c693a313537373830343337323b),
('nr7mm0i6vi350g6ekgen93bnku60s948', '192.168.0.105', 1577804459, 0x5f5f63695f6c6173745f726567656e65726174657c693a313537373830343435393b),
('t4vc3ucp3prln9veesthair57769obaa', '192.168.0.105', 1577804748, 0x5f5f63695f6c6173745f726567656e65726174657c693a313537373830343734383b),
('9i77fvkrs083ru3p2p683qi2gkcvcb0s', '192.168.0.105', 1577804764, 0x5f5f63695f6c6173745f726567656e65726174657c693a313537373830343736343b),
('hi56m7d452eenovmv84psfsrafgshega', '192.168.0.105', 1577804872, 0x5f5f63695f6c6173745f726567656e65726174657c693a313537373830343837323b),
('fg2cqmk25f9lis9e9t245mttojt37fgn', '192.168.0.105', 1577804898, 0x5f5f63695f6c6173745f726567656e65726174657c693a313537373830343839383b),
('lh8ej63ufcodsf80sbuc5tkt6fj7cm4f', '192.168.0.105', 1577804906, 0x5f5f63695f6c6173745f726567656e65726174657c693a313537373830343930363b),
('hrki0c3trtrk3huv6hkj6soumsi13n33', '192.168.0.105', 1577804907, 0x5f5f63695f6c6173745f726567656e65726174657c693a313537373830343930373b),
('4tqdjg3p2dbvqmuo6hiqcv7k4ib6kh0i', '192.168.0.105', 1577805492, 0x5f5f63695f6c6173745f726567656e65726174657c693a313537373830353439323b),
('vte4145moulut6d266opqoqbk9ldquh0', '192.168.0.105', 1577805732, 0x5f5f63695f6c6173745f726567656e65726174657c693a313537373830353733323b),
('q9r89hkbcr32mm7cbdntgh78s87jooiv', '192.168.0.105', 1577805760, 0x5f5f63695f6c6173745f726567656e65726174657c693a313537373830353736303b),
('d5e2pnt76qbravc55v9kf0ls976jrujt', '192.168.0.105', 1577805934, 0x5f5f63695f6c6173745f726567656e65726174657c693a313537373830353933343b),
('jjujkptrljr09j7st9i1q6gv5i4892di', '192.168.0.105', 1577806015, 0x5f5f63695f6c6173745f726567656e65726174657c693a313537373830363031353b),
('2ugsl64g1ssjfm2el9o8095fbpqhv5b0', '192.168.0.105', 1577806350, 0x5f5f63695f6c6173745f726567656e65726174657c693a313537373830363335303b),
('oelpgtlhc8qd5ui5neoapliu1h60iso7', '192.168.0.105', 1577806942, 0x5f5f63695f6c6173745f726567656e65726174657c693a313537373830363934323b),
('1d36p537e1iphl276r0o9gmoru6dpcka', '192.168.0.105', 1577807289, 0x5f5f63695f6c6173745f726567656e65726174657c693a313537373830373238393b),
('11c037q8psgp25tlf9aur0r8dgkn7lse', '192.168.0.105', 1577807563, 0x5f5f63695f6c6173745f726567656e65726174657c693a313537373830373536333b),
('kfg8fjh3nom908obrdg5inaicsi8ha3a', '192.168.0.105', 1577808053, 0x5f5f63695f6c6173745f726567656e65726174657c693a313537373830383035333b),
('pbkh6prbc4st6dqc6uo169k861hu3ag8', '192.168.0.105', 1577808117, 0x5f5f63695f6c6173745f726567656e65726174657c693a313537373830383131373b),
('f0t6bf58sjucp0n6pajgvbht82rpouuu', '192.168.0.105', 1577808135, 0x5f5f63695f6c6173745f726567656e65726174657c693a313537373830383133353b),
('6jd94uhd4d0l3feaffvtq2q6lvapsp7s', '192.168.0.105', 1577808323, 0x5f5f63695f6c6173745f726567656e65726174657c693a313537373830383332333b),
('5eso0afik3g15ifbc183ueiq17dfqkk7', '192.168.0.105', 1577808385, 0x5f5f63695f6c6173745f726567656e65726174657c693a313537373830383338353b),
('v8rilbcnnqrmlfm1o5sh86jtds0rmjuo', '192.168.0.105', 1577808505, 0x5f5f63695f6c6173745f726567656e65726174657c693a313537373830383530353b),
('del2pkok54mpov2tqoepbh8prv6oc185', '192.168.0.105', 1577808533, 0x5f5f63695f6c6173745f726567656e65726174657c693a313537373830383533333b),
('rd3k71dpt7codqe84o8n2n5ijv5ojso7', '192.168.0.105', 1577808892, 0x5f5f63695f6c6173745f726567656e65726174657c693a313537373830383839323b),
('11b7bn94462smmgq35boslujet9p0rsg', '192.168.0.105', 1577809409, 0x5f5f63695f6c6173745f726567656e65726174657c693a313537373830393430393b),
('3g9rr26fgtiup4eckigmj7nqv4jut4n0', '192.168.0.105', 1577809534, 0x5f5f63695f6c6173745f726567656e65726174657c693a313537373830393533343b),
('u10qli3hio4qds9139ftjigafesrjmmb', '192.168.0.105', 1577809748, 0x5f5f63695f6c6173745f726567656e65726174657c693a313537373830393734383b),
('8e3qim22qvl260h385h2u96tune9g6au', '192.168.0.105', 1577809782, 0x5f5f63695f6c6173745f726567656e65726174657c693a313537373830393738323b),
('icmfsfg1639qk2g2a7mr5cpkkijnqe41', '192.168.0.101', 1577870296, 0x5f5f63695f6c6173745f726567656e65726174657c693a313537373837303239363b6c65646765725f69647c733a313a2231223b6c65646765725f7469746c657c733a353a2241686d6564223b),
('irodd2smkjftd7aapj4d0o925sqo80iu', '192.168.0.100', 1577870000, 0x5f5f63695f6c6173745f726567656e65726174657c693a313537373837303030303b),
('ejutb0r2ic0f0c3jsmaujeuha3ljmkqu', '192.168.0.100', 1577870014, 0x5f5f63695f6c6173745f726567656e65726174657c693a313537373837303031343b),
('gakbdn3huhtsbs6loq5qf6ks5aogg92d', '192.168.0.105', 1577870098, 0x5f5f63695f6c6173745f726567656e65726174657c693a313537373837303039383b),
('k3uu0ol2duelgjftkc3eg5a3utc0lelj', '192.168.0.100', 1577870255, 0x5f5f63695f6c6173745f726567656e65726174657c693a313537373837303235353b),
('1kkig0lrcjv26649073bcus0r3nikkbo', '192.168.0.100', 1577870259, 0x5f5f63695f6c6173745f726567656e65726174657c693a313537373837303235393b),
('crij75mcnghtia4gnl7cfjmb01rp0qet', '192.168.0.100', 1577870284, 0x5f5f63695f6c6173745f726567656e65726174657c693a313537373837303238343b),
('tmubpg2bo67t766ir0iv1jpkbd65i1nn', '192.168.0.100', 1577870292, 0x5f5f63695f6c6173745f726567656e65726174657c693a313537373837303239323b),
('4ob9rlc78fc4h9gqormhplep45l6k4rm', '192.168.0.100', 1577870292, 0x5f5f63695f6c6173745f726567656e65726174657c693a313537373837303239323b),
('qrkha1vta4pugv3t99km0fj5sqk2ln0g', '192.168.0.101', 1577870716, 0x5f5f63695f6c6173745f726567656e65726174657c693a313537373837303731363b6c65646765725f69647c733a313a2231223b6c65646765725f7469746c657c733a353a2241686d6564223b63617274737c613a303a7b7d),
('rvi69aeukgsigksmd4d9vg0t1iu80139', '192.168.0.105', 1577870374, 0x5f5f63695f6c6173745f726567656e65726174657c693a313537373837303337343b),
('3rnko7v92rv0q7droochcbnd9m5bk015', '192.168.0.105', 1577870383, 0x5f5f63695f6c6173745f726567656e65726174657c693a313537373837303338333b),
('71n7v3qu9j6dd69rvcgl6v97ca6m1uqg', '192.168.0.105', 1577870392, 0x5f5f63695f6c6173745f726567656e65726174657c693a313537373837303339323b),
('mo0nn6p3go5ha4muvsgsfotehckokpbe', '192.168.0.105', 1577870412, 0x5f5f63695f6c6173745f726567656e65726174657c693a313537373837303431323b),
('f5j81q51vmlsvomqfg5cl0h2hqvarsgn', '192.168.0.105', 1577870412, 0x5f5f63695f6c6173745f726567656e65726174657c693a313537373837303431323b),
('q10blko5a0t12i91d69lpdkr4q1vmsvl', '192.168.0.100', 1577870419, 0x5f5f63695f6c6173745f726567656e65726174657c693a313537373837303431393b),
('ggt89qprmv6jg6s0flianvdkeau8ab2o', '192.168.0.100', 1577870422, 0x5f5f63695f6c6173745f726567656e65726174657c693a313537373837303432323b),
('7i442vn2meg0ilm17002neq8ab7skpj6', '192.168.0.100', 1577870424, 0x5f5f63695f6c6173745f726567656e65726174657c693a313537373837303432343b),
('23hpgiceia5vosnnuucvp3c8charnaeh', '192.168.0.105', 1577870430, 0x5f5f63695f6c6173745f726567656e65726174657c693a313537373837303433303b),
('p5rc4jvsba5f3edt5kts1aquqkk967jm', '192.168.0.105', 1577870431, 0x5f5f63695f6c6173745f726567656e65726174657c693a313537373837303433313b),
('902jrelr79v72m1e9ndhqd1astkhvoaa', '192.168.0.100', 1577870431, 0x5f5f63695f6c6173745f726567656e65726174657c693a313537373837303433313b),
('qv5480l1m0dicg09855meirmrckucfe2', '192.168.0.105', 1577870435, 0x5f5f63695f6c6173745f726567656e65726174657c693a313537373837303433353b),
('m305698asmauvc2srtb8in3j99grpvtq', '192.168.0.105', 1577870435, 0x5f5f63695f6c6173745f726567656e65726174657c693a313537373837303433353b),
('h64uhvgc8lkfftv86afsf541r73a9ksr', '192.168.0.100', 1577870436, 0x5f5f63695f6c6173745f726567656e65726174657c693a313537373837303433363b),
('hm3acpvbqet5ge1lo7c98mq7pu37lln8', '192.168.0.105', 1577870442, 0x5f5f63695f6c6173745f726567656e65726174657c693a313537373837303434323b),
('j813r1mjdq2ju8a16d4vo2cedr590qqu', '192.168.0.105', 1577870442, 0x5f5f63695f6c6173745f726567656e65726174657c693a313537373837303434323b),
('4oval9bisq82f5qfa4r36mcq2bad46b1', '192.168.0.100', 1577870442, 0x5f5f63695f6c6173745f726567656e65726174657c693a313537373837303434323b),
('v6cr6jsmj5fe5pab32okhuvss04saalp', '192.168.0.105', 1577870459, 0x5f5f63695f6c6173745f726567656e65726174657c693a313537373837303435393b),
('sefje8mf8jekrfmtqrlridue30fnq5e1', '192.168.0.105', 1577870459, 0x5f5f63695f6c6173745f726567656e65726174657c693a313537373837303435393b),
('5krp2ivg275e0s1qimqnon9v27g6f20n', '192.168.0.100', 1577870460, 0x5f5f63695f6c6173745f726567656e65726174657c693a313537373837303436303b),
('l04qpnuvtnl16p2jcj0d8or28c36f6pc', '192.168.0.100', 1577870463, 0x5f5f63695f6c6173745f726567656e65726174657c693a313537373837303436333b),
('rnlqnuujpvq0gcq17erpkjt7gbeuvjr1', '192.168.0.100', 1577870555, 0x5f5f63695f6c6173745f726567656e65726174657c693a313537373837303535353b),
('24ql6qvvfhoib94ioht2m9bdfh9q0c6h', '192.168.0.100', 1577870676, 0x5f5f63695f6c6173745f726567656e65726174657c693a313537373837303637363b),
('hh2tj5lla4kqq51r1rjge544ujioqq84', '192.168.0.101', 1577871100, 0x5f5f63695f6c6173745f726567656e65726174657c693a313537373837313130303b6c65646765725f69647c733a313a2231223b6c65646765725f7469746c657c733a353a2241686d6564223b63617274737c613a303a7b7d),
('md80go6rop7jogsl05o9f2jtupov40gm', '192.168.0.100', 1577870784, 0x5f5f63695f6c6173745f726567656e65726174657c693a313537373837303738343b),
('vob14446nnk315gdupsnn96954lg28qt', '192.168.0.100', 1577870784, 0x5f5f63695f6c6173745f726567656e65726174657c693a313537373837303738343b),
('85mr7ttdh9dqvb15imnl4qktqkd6sq63', '192.168.0.100', 1577870784, 0x5f5f63695f6c6173745f726567656e65726174657c693a313537373837303738343b),
('sophmdhj8m15tv8baqmvc9ibtmgn2tv5', '192.168.0.100', 1577870787, 0x5f5f63695f6c6173745f726567656e65726174657c693a313537373837303738373b),
('caisi15cmh66rqnv2nn8f4kqt25eegao', '192.168.0.100', 1577870787, 0x5f5f63695f6c6173745f726567656e65726174657c693a313537373837303738373b),
('4cvbai62pqgtcinl32f57lb4n0i2hfng', '192.168.0.100', 1577870787, 0x5f5f63695f6c6173745f726567656e65726174657c693a313537373837303738373b),
('3ab6vnadccei6ht3vgj74kddji6oi6p5', '192.168.0.100', 1577870793, 0x5f5f63695f6c6173745f726567656e65726174657c693a313537373837303739333b),
('nc3fg5tndci9g8mtgvuiu6tbom0khinv', '192.168.0.100', 1577870797, 0x5f5f63695f6c6173745f726567656e65726174657c693a313537373837303739373b),
('c116sh0jhat801i397p4i02mkr99gm2f', '192.168.0.100', 1577870813, 0x5f5f63695f6c6173745f726567656e65726174657c693a313537373837303831333b),
('md32mi6138o01jkklpdckhp6lpr6o81q', '192.168.0.100', 1577870822, 0x5f5f63695f6c6173745f726567656e65726174657c693a313537373837303832323b),
('3qrh47rhpugov5bdj9l8p3ej75r86n5i', '192.168.0.100', 1577870823, 0x5f5f63695f6c6173745f726567656e65726174657c693a313537373837303832333b),
('b5s41nr7kfvi3m73c1t1mgod0bb2nkn9', '192.168.0.100', 1577870853, 0x5f5f63695f6c6173745f726567656e65726174657c693a313537373837303835333b),
('pgmmnjab3jg85mp62i2kdv34ebhb9jq8', '192.168.0.105', 1577870882, 0x5f5f63695f6c6173745f726567656e65726174657c693a313537373837303838323b),
('9l7d7rhpqqu8ov0btbv7i33hi05jk33c', '192.168.0.105', 1577871029, 0x5f5f63695f6c6173745f726567656e65726174657c693a313537373837313032393b),
('ebpk2fv0roqntvgtv3udfop95ckg5cct', '192.168.0.105', 1577871054, 0x5f5f63695f6c6173745f726567656e65726174657c693a313537373837313035343b),
('8gbjkq0vub1opqdpqi60qu1bkjt32ml4', '192.168.0.105', 1577871072, 0x5f5f63695f6c6173745f726567656e65726174657c693a313537373837313037323b),
('j1pd49t4mfvm3ehaedggu5auf1johhk5', '192.168.0.105', 1577871077, 0x5f5f63695f6c6173745f726567656e65726174657c693a313537373837313037373b),
('trl8raqgcq7843oq1u97urhqkch9pmpa', '192.168.0.105', 1577871079, 0x5f5f63695f6c6173745f726567656e65726174657c693a313537373837313037393b),
('q3h7gl1m9g8r5accd69lfi98jkgdo6iv', '192.168.0.101', 1577872356, 0x5f5f63695f6c6173745f726567656e65726174657c693a313537373837323335363b6c65646765725f69647c733a313a2231223b6c65646765725f7469746c657c733a353a2241686d6564223b63617274737c613a303a7b7d),
('si90fng18a1tarp0aaabqdcpqnmhho12', '192.168.0.101', 1577872356, 0x5f5f63695f6c6173745f726567656e65726174657c693a313537373837323335363b6c65646765725f69647c733a313a2231223b6c65646765725f7469746c657c733a353a2241686d6564223b63617274737c613a303a7b7d),
('bbs62ndebt5cp2d497uvk8b1hdh2ubk8', '192.168.0.101', 1578218894, 0x5f5f63695f6c6173745f726567656e65726174657c693a313537383231383839303b);

-- --------------------------------------------------------

--
-- Table structure for table `groups`
--

CREATE TABLE `groups` (
  `group_id` bigint(255) NOT NULL,
  `group_name` longtext NOT NULL
) ENGINE=InnoDB DEFAULT CHARSET=latin1;

--
-- Dumping data for table `groups`
--

INSERT INTO `groups` (`group_id`, `group_name`) VALUES
(1, 'Super Admin'),
(2, 'Admin'),
(3, 'Customer'),
(4, 'Restaurant'),
(5, 'Driver'),
(6, 'Vendors');

-- --------------------------------------------------------

--
-- Table structure for table `items`
--

CREATE TABLE `items` (
  `item_id` bigint(255) NOT NULL,
  `item_title` longtext NOT NULL,
  `item_description` longtext NOT NULL,
  `months` varchar(255) NOT NULL,
  `size` varchar(255) NOT NULL,
  `origin` varchar(255) NOT NULL,
  `weight` varchar(255) NOT NULL,
  `price` varchar(255) NOT NULL,
  `item_image` longtext NOT NULL
) ENGINE=InnoDB DEFAULT CHARSET=latin1;

--
-- Dumping data for table `items`
--

INSERT INTO `items` (`item_id`, `item_title`, `item_description`, `months`, `size`, `origin`, `weight`, `price`, `item_image`) VALUES
(4, 'Australian Sheep', '', '6', '8x6', 'Australia', '30', '120', 'photo_298220.png'),
(5, 'Indian Goat', '', '5', '25', 'India', '35', '130', 'photo_658489.png'),
(6, 'Parsian Sheep', '', '7', '35', 'India', '30', '125', 'photo_142599.png');

-- --------------------------------------------------------

--
-- Table structure for table `ledgers`
--

CREATE TABLE `ledgers` (
  `ledger_id` bigint(255) NOT NULL,
  `group_id` bigint(255) NOT NULL,
  `ledger_title` longtext NOT NULL,
  `login_id` varchar(255) NOT NULL,
  `login_password` varchar(255) NOT NULL,
  `contact_number` varchar(255) NOT NULL,
  `email` varchar(255) NOT NULL,
  `address` varchar(255) NOT NULL,
  `picture` longtext NOT NULL,
  `fcm_token` longtext NOT NULL
) ENGINE=InnoDB DEFAULT CHARSET=latin1;

--
-- Dumping data for table `ledgers`
--

INSERT INTO `ledgers` (`ledger_id`, `group_id`, `ledger_title`, `login_id`, `login_password`, `contact_number`, `email`, `address`, `picture`, `fcm_token`) VALUES
(1, 1, 'Ahmed', 'ahmed', 'ahmed', '9822112848', 'dualsysco@gmail.com', 'roshan gate', '', ''),
(2, 4, 'Mais Alghanim Restaurant', 'mais', '123456', '9822112848', 'dualsysco@gmail.com', 'mandi corner, kuwait', '', 'c0Ug2gR9C3o:APA91bFfaN01dZcZ-t9B31qUSWKTUYzfEVKVfetqBkUILnReZjiX4egzrgH5wceIs9RXrHu4AVwvJZX7mtsUOR_eT-EMvtyd6Y9GOydTzhayEo2mzRUmqCBy_pX_B3kbWgfCZwncvp1t'),
(3, 4, 'Al Boom Steak & Seafood Restaurant', 'ahmed', 'ahmed', '9822112848', 'dualsysco@gmail.com', 'roshan gate', '', ''),
(4, 4, 'Assaha Restaurant', 'ahmed', 'ahmed', '9822112848', 'dualsysco@gmail.com', 'roshan gate', '', ''),
(5, 4, 'Maki Restaurant', 'ahmed', 'ahmed', '9822112848', 'dualsysco@gmail.com', 'roshan gate', '', ''),
(6, 4, 'Sultan Chef Turkish Steakhouse', 'ahmed', 'ahmed', '9822112848', 'dualsysco@gmail.com', 'roshan gate', '', ''),
(7, 5, 'Sandeep Bhale', 'bhale', '123456', '909099090', 'dualsysco@gmail.com', 'roshan gate', '', 'cKiRx4qmR8E:APA91bGl7I_V1FkMuIq-X6WeDOlf79Y0X1ndVUlAir5Q7cYA76wnkW0PiIZziTcGBN5_iQuMH2Qw_7Qb6hP_Eo949iWbir4o5M1wdZSYUM44Fjlq8gksVi8p1LgnHNpjZ12eCUXCIDj1'),
(8, 5, 'Jhon dszu', 'ahmed', 'ahmed', '909099090', 'dualsysco@gmail.com', 'roshan gate', '', ''),
(9, 6, 'Khan Saheb', 'ahmed', 'ahmed', '909099090', 'dualsysco@gmail.com', 'roshan gate', '', ''),
(10, 3, 'Ahmed Al-Shahab', 'abc', '123456', '9822112848', 'dualsysco@gmail.com', '6XRC+94 Jeleeb Al-Shuyoukh, Kuwait', '', 'fkF9OsCj94k:APA91bF66XoENCJiLbzdZamy1UOuGjlFklprkS5Mv0T8geNc_dEslYXOfAVzBwxCRzGK_UjldPtT01tyqA3K9OhOSBADMp5KNP1_VrNHtvBIwKjpAbrpXp9t-ZKuK94RlJSybMWSaggO');

-- --------------------------------------------------------

--
-- Table structure for table `orders`
--

CREATE TABLE `orders` (
  `order_id` bigint(255) NOT NULL,
  `customer_id` bigint(255) NOT NULL,
  `contact_number` varchar(255) NOT NULL,
  `restaurant_id` bigint(255) NOT NULL,
  `menu_id` bigint(255) NOT NULL,
  `slaughterhouse_id` bigint(255) NOT NULL,
  `driver_id` bigint(255) NOT NULL,
  `delivery_address` longtext NOT NULL,
  `delivery_date` varchar(255) NOT NULL,
  `delivery_at` longtext NOT NULL,
  `delivery_latlng` longtext NOT NULL,
  `total_amount` varchar(255) NOT NULL,
  `online_txt_number` longtext NOT NULL,
  `payment_status` varchar(255) NOT NULL,
  `restaurant_accept_status` varchar(255) NOT NULL,
  `driver_accept_status` varchar(255) NOT NULL,
  `note` longtext NOT NULL,
  `order_status` varchar(255) NOT NULL,
  `order_date` varchar(255) NOT NULL,
  `order_time` varchar(255) NOT NULL
) ENGINE=InnoDB DEFAULT CHARSET=latin1;

--
-- Dumping data for table `orders`
--

INSERT INTO `orders` (`order_id`, `customer_id`, `contact_number`, `restaurant_id`, `menu_id`, `slaughterhouse_id`, `driver_id`, `delivery_address`, `delivery_date`, `delivery_at`, `delivery_latlng`, `total_amount`, `online_txt_number`, `payment_status`, `restaurant_accept_status`, `driver_accept_status`, `note`, `order_status`, `order_date`, `order_time`) VALUES
(1, 1, '9822112848', 2, 3, 0, 0, 'test', '', '', '', '520', '', '', '', '', '', '', '20-12-2019', '10:25 am'),
(2, 10, '9822112848', 2, 3, 2, 7, '6XRC+94 Jeleeb Al-Shuyoukh, Kuwait', '', '', '', '240', '', '', '', '', '', '6', '01-09-2019', '12:13 PM'),
(3, 10, '9822112848', 2, 2, 3, 7, '6XRC+94 Jeleeb Al-Shuyoukh, Kuwait', '', '', '', '240', '', '', '31-12-2019 03:55 PM', '', '', '6', '20-12-2019', '06:04 PM'),
(4, 10, '9822112848', 2, 1, 1, 7, '6XRC+94 Jeleeb Al-Shuyoukh, Kuwait', '', '', '', '390', '', '', '', '', '', '6', '21-12-2019', '05:24 PM'),
(5, 10, '9822112848', 2, 3, 2, 7, '6XRC+94 Jeleeb Al-Shuyoukh, Kuwait', '', '', '', '600', '', '', '31-12-2019 03:55 PM', '', '', '1', '24-12-2019', '04:48 PM'),
(6, 10, '9822112848', 2, 2, 3, 7, '6XRC+94 Jeleeb Al-Shuyoukh, Kuwait', '', '', '', '130', '', '', '31-12-2019 03:56 PM', '', '', '1', '24-12-2019', '04:55 PM'),
(7, 10, '9822112848', 2, 2, 0, 0, '6XRC+94 Jeleeb Al-Shuyoukh, Kuwait', '', '', '', '130', '', '', '31-12-2019 03:55 PM', '', '', '', '24-12-2019', '05:00 PM'),
(8, 10, '9822112848', 2, 3, 0, 0, '6XRC+94 Jeleeb Al-Shuyoukh, Kuwait', '', '', '', '130', '', '', '31-12-2019 03:55 PM', '', '', '', '24-12-2019', '05:01 PM'),
(9, 10, '9822112848', 2, 3, 3, 7, '6XRC+94 Jeleeb Al-Shuyoukh, Kuwait', '', '', '', '130', '', '', '', '', '', '6', '01-01-2020', '10:18 AM');

-- --------------------------------------------------------

--
-- Table structure for table `order_items`
--

CREATE TABLE `order_items` (
  `order_item_id` bigint(255) NOT NULL,
  `order_id` bigint(255) NOT NULL,
  `item_id` bigint(255) NOT NULL,
  `quantity` bigint(255) NOT NULL
) ENGINE=InnoDB DEFAULT CHARSET=latin1;

--
-- Dumping data for table `order_items`
--

INSERT INTO `order_items` (`order_item_id`, `order_id`, `item_id`, `quantity`) VALUES
(1, 7, 4, 2),
(2, 8, 4, 2),
(3, 1, 5, 4),
(4, 2, 4, 2),
(5, 3, 4, 2),
(6, 4, 5, 3),
(7, 5, 4, 5),
(8, 6, 5, 1),
(9, 7, 5, 1),
(10, 8, 5, 1),
(11, 9, 5, 1);

-- --------------------------------------------------------

--
-- Table structure for table `order_timeline`
--

CREATE TABLE `order_timeline` (
  `order_timeline_id` bigint(255) NOT NULL,
  `order_id` bigint(255) NOT NULL,
  `timeline_title` longtext NOT NULL,
  `order_time` varchar(255) NOT NULL,
  `order_date` varchar(255) NOT NULL
) ENGINE=InnoDB DEFAULT CHARSET=latin1;

--
-- Dumping data for table `order_timeline`
--

INSERT INTO `order_timeline` (`order_timeline_id`, `order_id`, `timeline_title`, `order_time`, `order_date`) VALUES
(1, 1, 'Pending', '04:20 PM', '20-12-2019'),
(2, 2, 'Pending', '12:13 PM', '20-12-2019'),
(3, 2, 'Order Accepted', '12:45 PM', '20-12-2019'),
(4, 3, 'Pending', '06:04 PM', '20-12-2019'),
(20, 3, 'Order Accepted', '05:10 PM', '21-12-2019'),
(21, 3, 'Order Pickedup', '05:17 PM', '21-12-2019'),
(22, 3, 'Order in Slaughterhouse', '05:18 PM', '21-12-2019'),
(23, 3, 'Slaughter Completed', '05:18 PM', '21-12-2019'),
(24, 3, 'Order Dispatched To Deliver', '05:22 PM', '21-12-2019'),
(25, 3, 'Order has been Delivered', '05:23 PM', '21-12-2019'),
(26, 2, 'Order Pickedup', '05:23 PM', '21-12-2019'),
(27, 4, 'Pending', '05:24 PM', '21-12-2019'),
(28, 4, 'Order Accepted', '05:25 PM', '21-12-2019'),
(29, 5, 'Pending', '04:48 PM', '24-12-2019'),
(30, 6, 'Pending', '04:55 PM', '24-12-2019'),
(31, 7, 'Pending', '05:00 PM', '24-12-2019'),
(32, 8, 'Pending', '05:01 PM', '24-12-2019'),
(33, 4, 'Order Pickedup', '11:52 AM', '29-12-2019'),
(34, 4, 'Order in Slaughterhouse', '11:56 AM', '29-12-2019'),
(35, 4, 'Slaughter Completed', '11:56 AM', '29-12-2019'),
(36, 4, 'Order Dispatched To Deliver', '11:57 AM', '29-12-2019'),
(37, 4, 'Order has been Delivered', '11:58 AM', '29-12-2019'),
(38, 2, 'Order in Slaughterhouse', '11:59 AM', '29-12-2019'),
(39, 2, 'Slaughter Completed', '11:59 AM', '29-12-2019'),
(40, 2, 'Order Dispatched To Deliver', '11:59 AM', '29-12-2019'),
(42, 2, 'Order has been Delivered', '12:01 PM', '29-12-2019'),
(43, 5, 'Order Accepted', '12:28 PM', '29-12-2019'),
(44, 6, 'Order Accepted', '12:30 PM', '29-12-2019'),
(45, 9, 'Pending', '10:18 AM', '01-01-2020'),
(46, 9, 'Order Accepted', '10:19 AM', '01-01-2020'),
(47, 9, 'Order Pickedup', '10:20 AM', '01-01-2020'),
(48, 9, 'Order in Slaughterhouse', '10:20 AM', '01-01-2020'),
(49, 9, 'Slaughter Completed', '10:20 AM', '01-01-2020'),
(50, 9, 'Order Dispatched To Deliver', '10:20 AM', '01-01-2020'),
(51, 9, 'Order has been Delivered', '10:20 AM', '01-01-2020');

-- --------------------------------------------------------

--
-- Table structure for table `purchase`
--

CREATE TABLE `purchase` (
  `purchase_id` bigint(255) NOT NULL,
  `ledger_id` bigint(255) NOT NULL,
  `purchase_amount` varchar(255) NOT NULL,
  `purchase_date` varchar(255) NOT NULL
) ENGINE=InnoDB DEFAULT CHARSET=utf8mb4;

--
-- Dumping data for table `purchase`
--

INSERT INTO `purchase` (`purchase_id`, `ledger_id`, `purchase_amount`, `purchase_date`) VALUES
(2, 9, '450', '24-12-2019'),
(3, 9, '450', '20-12-2019'),
(4, 9, '450', '24-12-2019'),
(5, 9, '600', '01-01-2020'),
(6, 9, '1000', '02-01-2020'),
(7, 9, '1000', '02-01-2020');

-- --------------------------------------------------------

--
-- Table structure for table `restaurant_menu`
--

CREATE TABLE `restaurant_menu` (
  `menu_id` bigint(255) NOT NULL,
  `restaurant_id` bigint(255) NOT NULL,
  `menu_title` longtext NOT NULL
) ENGINE=InnoDB DEFAULT CHARSET=latin1;

--
-- Dumping data for table `restaurant_menu`
--

INSERT INTO `restaurant_menu` (`menu_id`, `restaurant_id`, `menu_title`) VALUES
(1, 2, 'Yemeni Mandi'),
(2, 2, 'Kuwaiti Mandi'),
(3, 2, 'Special Kabsa');

-- --------------------------------------------------------

--
-- Table structure for table `slaughterhouses`
--

CREATE TABLE `slaughterhouses` (
  `slaughterhouse_id` bigint(255) NOT NULL,
  `slaughterhouse_title` longtext NOT NULL,
  `slaughterhouse_location` longtext NOT NULL,
  `slaughterhouse_latlng` longtext NOT NULL
) ENGINE=InnoDB DEFAULT CHARSET=latin1;

--
-- Dumping data for table `slaughterhouses`
--

INSERT INTO `slaughterhouses` (`slaughterhouse_id`, `slaughterhouse_title`, `slaughterhouse_location`, `slaughterhouse_latlng`) VALUES
(1, 'A Slaughterhouse', 'location', ''),
(2, 'B Slaughterhouse', 'location', ''),
(3, 'C Slaughterhouse', 'location', ''),
(4, 'D Slaughterhouse', 'location', '');

-- --------------------------------------------------------

--
-- Table structure for table `stock_transaction`
--

CREATE TABLE `stock_transaction` (
  `stock_transaction_id` bigint(255) NOT NULL,
  `ledger_id` bigint(255) NOT NULL,
  `voucher_id` bigint(255) NOT NULL,
  `voucher_type` varchar(255) NOT NULL,
  `item_id` varchar(255) NOT NULL,
  `stock_in` varchar(255) NOT NULL,
  `stock_out` varchar(255) NOT NULL,
  `amount` varchar(255) NOT NULL,
  `stock_transaction_date` varchar(255) NOT NULL,
  `stock_status` int(255) NOT NULL
) ENGINE=InnoDB DEFAULT CHARSET=utf8mb4;

--
-- Dumping data for table `stock_transaction`
--

INSERT INTO `stock_transaction` (`stock_transaction_id`, `ledger_id`, `voucher_id`, `voucher_type`, `item_id`, `stock_in`, `stock_out`, `amount`, `stock_transaction_date`, `stock_status`) VALUES
(1, 9, 2, 'Purchase', '4', '5', '0', '25', '24-12-2019', 0),
(2, 9, 2, 'Purchase', '5', '5', '0', '20', '24-12-2019', 0),
(7, 10, 5, 'Sale', '4', '0', '5', '120', '24-12-2019', 0),
(8, 10, 6, 'Sale', '5', '0', '1', '130', '24-12-2019', 0),
(9, 10, 7, 'Sale', '5', '0', '1', '130', '24-12-2019', 0),
(10, 10, 8, 'Sale', '5', '0', '1', '130', '24-12-2019', 0),
(11, 10, 9, 'Sale', '5', '0', '1', '130', '01-01-2020', 0),
(12, 9, 5, 'Purchase', '5', '5', '0', '120', '01-01-2020', 0),
(13, 9, 6, 'Purchase', '4', '5', '0', '200', '01-01-2020', 0),
(14, 9, 7, 'Purchase', '6', '5', '0', '200', '01-01-2020', 0);

-- --------------------------------------------------------

--
-- Table structure for table `tracking`
--

CREATE TABLE `tracking` (
  `tracking_id` bigint(255) NOT NULL,
  `user_id` bigint(255) NOT NULL,
  `lat` text NOT NULL,
  `lng` text NOT NULL,
  `tracking_date` varchar(255) NOT NULL,
  `tracking_time` varchar(255) NOT NULL
) ENGINE=InnoDB DEFAULT CHARSET=utf8mb4;

-- --------------------------------------------------------

--
-- Table structure for table `transactions`
--

CREATE TABLE `transactions` (
  `transaction_id` bigint(255) NOT NULL,
  `ledger_id` bigint(255) NOT NULL,
  `voucher_type` varchar(255) NOT NULL,
  `voucher_number` varchar(255) NOT NULL,
  `debit` varchar(255) NOT NULL,
  `credit` varchar(255) NOT NULL,
  `transaction_date` varchar(255) NOT NULL
) ENGINE=InnoDB DEFAULT CHARSET=latin1;

--
-- Indexes for dumped tables
--

--
-- Indexes for table `carts`
--
ALTER TABLE `carts`
  ADD PRIMARY KEY (`cart_id`);

--
-- Indexes for table `ci_sessions`
--
ALTER TABLE `ci_sessions`
  ADD KEY `ci_sessions_timestamp` (`timestamp`);

--
-- Indexes for table `groups`
--
ALTER TABLE `groups`
  ADD PRIMARY KEY (`group_id`);

--
-- Indexes for table `items`
--
ALTER TABLE `items`
  ADD PRIMARY KEY (`item_id`);

--
-- Indexes for table `ledgers`
--
ALTER TABLE `ledgers`
  ADD PRIMARY KEY (`ledger_id`),
  ADD KEY `ledgers_fk0` (`group_id`);

--
-- Indexes for table `orders`
--
ALTER TABLE `orders`
  ADD PRIMARY KEY (`order_id`);

--
-- Indexes for table `order_items`
--
ALTER TABLE `order_items`
  ADD PRIMARY KEY (`order_item_id`),
  ADD KEY `order_items_fk0` (`order_id`),
  ADD KEY `order_items_fk1` (`item_id`);

--
-- Indexes for table `order_timeline`
--
ALTER TABLE `order_timeline`
  ADD PRIMARY KEY (`order_timeline_id`);

--
-- Indexes for table `purchase`
--
ALTER TABLE `purchase`
  ADD PRIMARY KEY (`purchase_id`);

--
-- Indexes for table `restaurant_menu`
--
ALTER TABLE `restaurant_menu`
  ADD PRIMARY KEY (`menu_id`);

--
-- Indexes for table `slaughterhouses`
--
ALTER TABLE `slaughterhouses`
  ADD PRIMARY KEY (`slaughterhouse_id`);

--
-- Indexes for table `stock_transaction`
--
ALTER TABLE `stock_transaction`
  ADD PRIMARY KEY (`stock_transaction_id`);

--
-- Indexes for table `tracking`
--
ALTER TABLE `tracking`
  ADD PRIMARY KEY (`tracking_id`);

--
-- Indexes for table `transactions`
--
ALTER TABLE `transactions`
  ADD PRIMARY KEY (`transaction_id`),
  ADD KEY `transactions_fk0` (`ledger_id`);

--
-- AUTO_INCREMENT for dumped tables
--

--
-- AUTO_INCREMENT for table `carts`
--
ALTER TABLE `carts`
  MODIFY `cart_id` bigint(255) NOT NULL AUTO_INCREMENT, AUTO_INCREMENT=14;

--
-- AUTO_INCREMENT for table `groups`
--
ALTER TABLE `groups`
  MODIFY `group_id` bigint(255) NOT NULL AUTO_INCREMENT, AUTO_INCREMENT=7;

--
-- AUTO_INCREMENT for table `items`
--
ALTER TABLE `items`
  MODIFY `item_id` bigint(255) NOT NULL AUTO_INCREMENT, AUTO_INCREMENT=7;

--
-- AUTO_INCREMENT for table `ledgers`
--
ALTER TABLE `ledgers`
  MODIFY `ledger_id` bigint(255) NOT NULL AUTO_INCREMENT, AUTO_INCREMENT=14;

--
-- AUTO_INCREMENT for table `orders`
--
ALTER TABLE `orders`
  MODIFY `order_id` bigint(255) NOT NULL AUTO_INCREMENT, AUTO_INCREMENT=10;

--
-- AUTO_INCREMENT for table `order_items`
--
ALTER TABLE `order_items`
  MODIFY `order_item_id` bigint(255) NOT NULL AUTO_INCREMENT, AUTO_INCREMENT=12;

--
-- AUTO_INCREMENT for table `order_timeline`
--
ALTER TABLE `order_timeline`
  MODIFY `order_timeline_id` bigint(255) NOT NULL AUTO_INCREMENT, AUTO_INCREMENT=52;

--
-- AUTO_INCREMENT for table `purchase`
--
ALTER TABLE `purchase`
  MODIFY `purchase_id` bigint(255) NOT NULL AUTO_INCREMENT, AUTO_INCREMENT=8;

--
-- AUTO_INCREMENT for table `restaurant_menu`
--
ALTER TABLE `restaurant_menu`
  MODIFY `menu_id` bigint(255) NOT NULL AUTO_INCREMENT, AUTO_INCREMENT=4;

--
-- AUTO_INCREMENT for table `slaughterhouses`
--
ALTER TABLE `slaughterhouses`
  MODIFY `slaughterhouse_id` bigint(255) NOT NULL AUTO_INCREMENT, AUTO_INCREMENT=5;

--
-- AUTO_INCREMENT for table `stock_transaction`
--
ALTER TABLE `stock_transaction`
  MODIFY `stock_transaction_id` bigint(255) NOT NULL AUTO_INCREMENT, AUTO_INCREMENT=15;

--
-- AUTO_INCREMENT for table `tracking`
--
ALTER TABLE `tracking`
  MODIFY `tracking_id` bigint(255) NOT NULL AUTO_INCREMENT;

--
-- AUTO_INCREMENT for table `transactions`
--
ALTER TABLE `transactions`
  MODIFY `transaction_id` bigint(255) NOT NULL AUTO_INCREMENT;

--
-- Constraints for dumped tables
--

--
-- Constraints for table `ledgers`
--
ALTER TABLE `ledgers`
  ADD CONSTRAINT `ledgers_fk0` FOREIGN KEY (`group_id`) REFERENCES `groups` (`group_id`);
COMMIT;

/*!40101 SET CHARACTER_SET_CLIENT=@OLD_CHARACTER_SET_CLIENT */;
/*!40101 SET CHARACTER_SET_RESULTS=@OLD_CHARACTER_SET_RESULTS */;
/*!40101 SET COLLATION_CONNECTION=@OLD_COLLATION_CONNECTION */;
